category, pdf_url
survey, https://aclanthology.org/2020.winlp-1.40.pdf
evaluation, https://aclanthology.org/2020.winlp-1.40.pdf
evaluation, https://openreview.net/pdf/34e14b756aee921d183f9a726f82f0dd873a4635.pdf
evaluation, https://openreview.net/pdf/4008cdcbe065ec61a176b909f23389e382aa448d.pdf
evaluation, https://openreview.net/pdf/d01358d8ff785efd1d2437bd9270c51487254176.pdf
tokenization, https://aclanthology.org/2022.amta-upg.24.pdf
tokenization, https://aclanthology.org/2021.winlp-1.5.pdf
tokenization, https://aclanthology.org/2020.winlp-1.12.pdf
tokenization, https://aclanthology.org/2020.winlp-1.41.pdf
tokenization, https://aclanthology.org/R17-1038.pdf
tokenization, https://aclanthology.org/R17-1043.pdf
tokenization, https://aclanthology.org/R17-1065.pdf
tokenization, https://openreview.net/pdf/517b8bb7cba9958702735d2ad66cb0e1fe250ef5.pdf
tokenization, https://openreview.net/pdf/501e90cf43c6c47956cd6049aed7c9113ada3953.pdf
tokenization, https://openreview.net/pdf/3d43c80ce04836c4c6d314641f075b1775bbd106.pdf
tokenization, https://openreview.net/pdf/8b9feeb6732d636dc5f3881f4113a7fd387b4c74.pdf
tokenization, https://openreview.net/pdf/4d8f492c6bd9e0c848f127e18d2deccfe200fdf3.pdf
tokenization, https://openreview.net/pdf/57b83fa0289bc3fd877376e5267762ca34ce5b03.pdf
tokenization, https://openreview.net/pdf/c079dd84df719956ec41108f9f1c3eb78dfb4a4d.pdf
tokenization, https://openreview.net/pdf/f56278fa9c4794300d9847445753bd9957ab73f3.pdf
tokenization, https://openreview.net/pdf/6cad18f05017a493d09c09a6a1f9a9a612ae1185.pdf
tokenization, https://openreview.net/pdf/93467e002247747e886aaf275405c451dbaf6b82.pdf
tokenization, https://openreview.net/pdf/400cfaf976afafcce3291dfceb2ffa02e3bc3cff.pdf
tokenization, https://openreview.net/pdf/c794c769938c1c052fb21601d4a3b0109e38797a.pdf
tokenization, https://openreview.net/pdf/84f6573de725936518791be3fd0dcd123657f084.pdf
tokenization, https://openreview.net/pdf/293aae2e956b2c27330e85db15516221b51381ec.pdf
tokenization, https://openreview.net/pdf/f66c44638449ac62e918b7524b8c4b09b19bcb78.pdf
tokenization, https://openreview.net/pdf/979bab1214ba5fd87bf2022264fdb4950d8c4cfa.pdf
tokenization, https://openreview.net/pdf/4db5baafbe994a9f723ade3b5cc2d3567022be8f.pdf
tokenization, https://openreview.net/pdf/56b78cea9ac39cfbe0af35bf832bec7a1e3e3b19.pdf
tokenization, https://openreview.net/pdf/1031821b4385b394961e3b8be5b9c75862e3de8c.pdf
tokenization, https://openreview.net/pdf/74ddb72b667ead493c6cd96a7e4c442386d51118.pdf
tokenization, https://openreview.net/pdf/877e1ce5348030cb5fd633ec75f06703c9344cf3.pdf
tokenization, https://openreview.net/pdf/910a6ab79c102c6842841f710897b5ccda45fdc4.pdf
tokenization, https://openreview.net/pdf/8f39347efe9dd16f2119bc140fa45215afff775a.pdf
tokenization, https://openreview.net/pdf/8a2a3cd589506a555ac984ffa82e75bc99ae3e20.pdf
tokenization, https://openreview.net/pdf/65f97b07510fc4751270de7031bf4e25f213cae7.pdf
tokenization, https://openreview.net/pdf/8ab07be227718c6fedf021b3871828329db76e60.pdf

